year,make,model,trim,body,transmission,vin,state,condition,odometer,color,interior,seller,mmr,sellingprice,saledate
2015,Cadillac,Escalade ESV,Premium,SUV,automatic,1gys4jkj9fr211155,pa,49,9459,beige,brown,1 cochran of monroeville,79000,75000,Wed Feb 25 2015 01:00:00 GMT-0800 (PST)
2014,Ford,F-150,XLT,SuperCrew,automatic,1ftfw1et0efc02102,oh,49,10926,white,gray,159191 canada inc,27700,26700,Tue Mar 03 2015 01:30:00 GMT-0800 (PST)
2012,Ford,F-150,XLT,SuperCrew,automatic,1ftfw1et5ckd07898,oh,49,54307,black,gray,159191 canada inc,23500,21750,Tue Feb 03 2015 01:30:00 GMT-0800 (PST)
2010,Ford,Ranger,SPORT,SuperCab,automatic,1ftkr4ee3apa28412,oh,49,15175,burgundy,gray,159191 canada inc,14250,13700,Tue Jan 13 2015 09:30:00 GMT-0800 (PST)
2013,GMC,Sierra 1500,SLE,Crew Cab,automatic,3gtp2ve71dg381421,oh,49,35232,white,black,159191 canada inc,26300,25000,Tue Mar 03 2015 01:30:00 GMT-0800 (PST)
2011,Dodge,Challenger,SRT8,Coupe,automatic,2b3cj7dj6bh526865,ca,49,3966,silver,black,2020 motors,32300,32750,Thu Jan 29 2015 04:30:00 GMT-0800 (PST)
2008,Chevrolet,Silverado 1500,Work Truck,Crew Cab,automatic,2gcec13j981100458,tn,49,95609,brown,gray,231 car sales inc.,15000,15800,Wed Jan 14 2015 02:30:00 GMT-0800 (PST)
2014,Infiniti,QX60,Base,SUV,automatic,5n1al0mnxec529961,tn,49,10779,black,tan,231 car sales inc.,34700,35000,Wed Jan 14 2015 02:30:00 GMT-0800 (PST)
2014,Toyota,Tacoma,PreRunner V6,access cab,automatic,5tftu4gn9ex061243,tn,49,15511,black,gray,231 car sales inc.,23700,24200,Wed Jun 17 2015 03:30:00 GMT-0700 (PDT)
2009,Ford,Ranger,SPORT,SuperCab,automatic,1ftyr44e19pa66017,oh,49,21845,red,black,9209 0851 quebec inc,11750,13000,Tue Feb 10 2015 01:30:00 GMT-0800 (PST)
2007,Jeep,Wrangler,X,suv,manual,1j4fa24137l192619,oh,49,62451,green,gray,9209 0851 quebec inc,14350,14000,Tue Jun 02 2015 02:30:00 GMT-0700 (PDT)
2013,Toyota,Prius c,One,Hatchback,automatic,jtdkdtb32d1046399,nj,49,19961,blue,gray,a & n auto sales inc,17100,15200,Wed Jan 14 2015 01:30:00 GMT-0800 (PST)
2004,Chevrolet,Corvette,Base,convertible,automatic,1g1yy32g545102015,pa,49,34973,gray,black,a d autos,20900,22400,Fri Jun 05 2015 02:15:00 GMT-0700 (PDT)
2012,Ford,Fusion,SEL,Sedan,automatic,3fahp0ja6cr411578,oh,49,22887,red,black,a+ autobrokers inc,13550,13300,Tue Jan 20 2015 01:30:00 GMT-0800 (PST)
2014,Kia,Soul,+,Wagon,automatic,kndjp3a52e7087670,pr,49,6585,beige,black,aaa car rental inc,14200,16500,Wed Jan 14 2015 16:00:00 GMT-0800 (PST)
2014,Kia,Soul,+,Wagon,automatic,kndjp3a52e7734133,pr,49,7214,green,black,aaa car rental inc,14000,16500,Thu Jan 22 2015 03:00:00 GMT-0800 (PST)
2012,Jeep,Wrangler,Unlimited Sahara,SUV,manual,1c4bjweg9cl159830,ca,49,35600,silver,black,aaero sweet company,26600,27000,Thu Jan 22 2015 03:30:00 GMT-0800 (PST)
2014,Dodge,Durango,Citadel,SUV,automatic,1c4sdjet9ec331705,ca,49,17041,gray,black,aaero sweet company,37600,36600,Thu Feb 05 2015 03:30:00 GMT-0800 (PST)
2012,Ford,F-250 Super Duty,Lariat,Crew Cab,automatic,1ft7w2bt4cec83221,ca,49,75348,white,black,aaero sweet company,35400,36750,Thu Jan 29 2015 03:30:00 GMT-0800 (PST)
2011,Ford,F-150,XLT,SuperCrew,automatic,1ftfw1ef5bfc77447,ca,49,13381,black,gray,aaero sweet company,26900,27750,Thu Feb 05 2015 03:30:00 GMT-0800 (PST)
2011,Chevrolet,Silverado 2500HD,Work Truck,Regular Cab,automatic,1gb0cvcg0bf141426,ca,49,71196,white,black,aaero sweet company,12150,24250,Thu Feb 26 2015 03:30:00 GMT-0800 (PST)
2014,Chevrolet,Silverado 2500HD,Work Truck,Crew Cab,automatic,1gc1kvc81ef123548,ca,49,32109,white,black,aaero sweet company,32800,37250,Thu Feb 05 2015 03:30:00 GMT-0800 (PST)
2012,Chevrolet,Silverado 1500,Work Truck,Regular Cab,automatic,1gcncpexxcz260997,ca,49,11293,blue,black,aaero sweet company,15450,16750,Thu Feb 05 2015 03:30:00 GMT-0800 (PST)
2012,Nissan,Frontier,S,Crew Cab,automatic,1n6ad0er6cc455757,ca,49,2733,silver,gray,aaero sweet company,19450,21750,Thu Feb 26 2015 03:30:00 GMT-0800 (PST)
2007,Chevrolet,Silverado 1500,LT2,Crew Cab,automatic,2gcek13m571500626,ca,49,80206,gray,gray,aaero sweet company,16900,20750,Thu Feb 26 2015 03:30:00 GMT-0800 (PST)
2005,Mercury,Grand Marquis,LS Ultimate,Sedan,automatic,2mefm75wx5x640745,ca,49,33770,gold,beige,aaero sweet company,5500,7100,Wed Jan 14 2015 04:15:00 GMT-0800 (PST)
2014,Ram,1500,Tradesman,Regular Cab,automatic,3c6jr6at6eg103522,ca,49,45876,white,black,aaero sweet company,16750,17600,Thu Feb 12 2015 03:30:00 GMT-0800 (PST)
2014,Ram,Promaster Cargo Van,2500 High Roof,Promaster Cargo Van,automatic,3c6trvdg2ee104759,ca,49,6528,white,black,aaero sweet company,23500,26000,Thu Feb 12 2015 03:30:00 GMT-0800 (PST)
2013,Toyota,Venza,XLE,Wagon,automatic,4t3zk3bb8du062782,ca,49,14019,silver,gray,aaero sweet company,22800,26500,Thu Feb 12 2015 03:30:00 GMT-0800 (PST)
2011,Honda,Odyssey,EX-L,Minivan,automatic,5fnrl5h68bb059161,ca,49,44571,white,gray,aaero sweet company,20300,23000,Thu Feb 19 2015 03:30:00 GMT-0800 (PST)
2012,Honda,Pilot,EX-L,SUV,automatic,5fnyf3h5xcb027618,ca,49,26987,gray,black,aaero sweet company,25100,24300,Wed Jan 14 2015 04:15:00 GMT-0800 (PST)
2010,Buick,Enclave,CXL1,SUV,automatic,5galvbed4aj265720,ca,49,53080,gray,tan,aaero sweet company,19600,21500,Wed Feb 18 2015 04:00:00 GMT-0800 (PST)
2005,HUMMER,H2,Base,SUV,automatic,5grgn23u45h121289,ca,49,65814,gray,black,aaero sweet company,21200,24500,Thu Jan 15 2015 03:30:00 GMT-0800 (PST)
2010,Infiniti,QX56,Base,SUV,automatic,5n3za0ncxan907725,ca,49,62838,white,tan,aaero sweet company,27900,28250,Thu Dec 18 2014 11:30:00 GMT-0800 (PST)
2013,Toyota,Tacoma,Base,Double Cab,automatic,5tfjx4cn5dx026038,ca,49,26758,gray,gray,aaero sweet company,21100,22000,Wed Feb 11 2015 04:00:00 GMT-0800 (PST)
2012,Toyota,Tacoma,Base,Double Cab,automatic,5tfjx4cn6cx011224,ca,49,34520,black,tan,aaero sweet company,19900,24250,Thu Jan 22 2015 03:30:00 GMT-0800 (PST)
2013,Toyota,4Runner,SR5,SUV,automatic,jtebu5jrxd5112641,ca,49,49371,gray,black,aaero sweet company,26600,29000,Thu Feb 05 2015 03:30:00 GMT-0800 (PST)
2011,Hyundai,Sonata Hybrid,Base,Sedan,automatic,kmhec4a48ba011813,ca,49,70374,white,gray,aaero sweet company,10500,14500,Wed Jan 07 2015 12:00:00 GMT-0800 (PST)
2014,Mercedes-Benz,CLA-Class,CLA250,Sedan,automatic,wddsj4eb8en037420,ca,49,27028,white,beige,aaero sweet company,27600,26500,Wed Dec 31 2014 12:15:00 GMT-0800 (PST)
2012,Chevrolet,Silverado 2500HD,LT,Crew Cab,automatic,1gc1kxc8xcf153267,ca,49,23822,gray,black,aaero sweet corporation,38200,41000,Thu Mar 05 2015 03:30:00 GMT-0800 (PST)
2005,BMW,Z4,2.5i,convertible,automatic,4usbt33595lr71393,ca,49,79318,black,beige,aaero sweet corporation,7050,9500,Wed Jun 17 2015 05:00:00 GMT-0700 (PDT)
2012,Nissan,Maxima,3.5 SV,Sedan,automatic,1n4aa5ap9cc815557,mo,49,48532,white,beige,absher arnold motors llc,15850,17400,Tue Jan 06 2015 03:00:00 GMT-0800 (PST)
2012,Jeep,Wrangler,Sport,SUV,automatic,1c4ajwag4cl239358,fl,49,28133,black,black,ace auto wholesale inc,20900,22800,Thu May 21 2015 02:50:00 GMT-0700 (PDT)
2013,Ford,Taurus,SE,Sedan,automatic,1fahp2d81dg193658,ca,49,17128,brown,gray,acme auto leasing llc,13750,14000,Wed Mar 04 2015 04:30:00 GMT-0800 (PST)
2012,Ram,1500,ST,Regular Cab,automatic,3c6jd6at6cg136273,tn,49,15063,silver,gray,action nissan,17000,17000,Wed Jan 14 2015 02:30:00 GMT-0800 (PST)
2014,Acura,MDX,SH-AWD,suv,automatic,5fryd4h22eb029107,wi,49,14880,gray,black,acura libertyville,37100,37500,Wed Jun 10 2015 03:00:00 GMT-0700 (PDT)
2013,Acura,TL,SH-AWD w/Technology Package,Sedan,automatic,19uua9f5xda004483,nv,49,11672,black,black,acura of las vegas,29700,30750,Fri Jan 16 2015 03:45:00 GMT-0800 (PST)
2013,Acura,RDX,Technology Package,suv,automatic,5j8tb3h50dl008811,nv,49,21435,gray,black,acura of las vegas,26600,27500,Fri Jun 19 2015 04:55:00 GMT-0700 (PDT)
2012,Acura,TSX,Special Edition,Sedan,automatic,jh4cu2f82cc012517,nv,49,36145,off-white,black,acura of las vegas,17750,18000,Fri Jan 09 2015 11:45:00 GMT-0800 (PST)
2012,Lincoln,Navigator,L,suv,automatic,5lmjj3j59cel03890,wa,49,43167,black,black,acura of seattle,34500,37000,Wed Jun 03 2015 06:20:00 GMT-0700 (PDT)
2013,Nissan,Juke,SL,Hatchback,automatic,jn8af5mv5dt223780,wa,49,9354,black,black,acura of seattle,17800,21250,Wed Jan 28 2015 05:20:00 GMT-0800 (PST)
2012,Jeep,Wrangler,Sahara,SUV,manual,1c4gjwbgxcl222508,pa,49,18682,silver,black,adcock brothers inc,23400,24500,Fri Jan 23 2015 01:30:00 GMT-0800 (PST)
2011,Ford,Expedition,Limited,SUV,automatic,1fmju2a53bef19625,pa,49,44312,black,beige,adcock brothers inc,28900,30750,Fri Feb 27 2015 01:00:00 GMT-0800 (PST)
2014,Ford,F-250 Super Duty,Lariat,Crew Cab,automatic,1ft7w2bt9eea02517,pa,49,12073,red,black,adcock brothers inc,47900,46500,Fri Mar 06 2015 01:00:00 GMT-0800 (PST)
2012,Ford,F-250 Super Duty,Lariat,SuperCab,automatic,1ft7x2b60cec21256,pa,49,18028,brown,black,adcock brothers inc,29600,33250,Fri Feb 13 2015 01:00:00 GMT-0800 (PST)
2010,Chevrolet,Corvette,ZR1,coupe,manual,1g1yn2dt9a5801222,pa,49,3983,red,beige,adcock brothers inc,66000,65000,Fri Jun 12 2015 02:00:00 GMT-0700 (PDT)
2010,Cadillac,DTS,Premium,Sedan,automatic,1g6kh5ey6au110237,pa,49,53985,silver,black,adcock brothers inc,15800,17500,Fri Jan 16 2015 01:30:00 GMT-0800 (PST)
2009,Jeep,Liberty,Sport,suv,automatic,1j8gn28k39w531004,pa,49,116448,beige,black,adcock brothers inc,7625,8300,Fri Jun 05 2015 02:00:00 GMT-0700 (PDT)
2014,Ford,Shelby GT500,Base,coupe,manual,1zvbp8jz6e5233355,pa,49,11686,silver,black,adcock brothers inc,54200,56750,Fri Jun 19 2015 02:00:00 GMT-0700 (PDT)
2013,Ford,Shelby GT500,Base,Coupe,manual,1zvbp8jz7d5278285,pa,49,3526,gray,black,adcock brothers inc,57900,58500,Fri May 22 2015 02:00:00 GMT-0700 (PDT)
2014,Dodge,Challenger,SRT8 Core,coupe,manual,2c3cdydj7eh205390,pa,49,1588,black,black,adcock brothers inc,35100,35600,Fri Jun 05 2015 02:00:00 GMT-0700 (PDT)
2012,Acura,MDX,Technology Package,SUV,automatic,2hnyd2h32ch508305,pa,49,35254,white,beige,adcock brothers inc,30100,30250,Fri Jan 02 2015 09:00:00 GMT-0800 (PST)
2012,Acura,MDX,Technology Package,SUV,automatic,2hnyd2h36ch515287,pa,49,32782,white,beige,adcock brothers inc,30100,32000,Fri Jan 16 2015 01:00:00 GMT-0800 (PST)
2013,Lincoln,MKX,Base,SUV,automatic,2lmdj8jk0dbl29928,pa,49,19272,silver,black,adcock brothers inc,29800,30000,Fri May 22 2015 02:00:00 GMT-0700 (PDT)
2011,Chevrolet,Silverado 1500,LT,Crew Cab,automatic,3gcpkse35bg320307,pa,49,30975,white,black,adcock brothers inc,26600,26750,Fri Jan 23 2015 01:30:00 GMT-0800 (PST)
2014,Toyota,Tacoma,V6,Double Cab,automatic,3tmlu4en0em148487,pa,49,5347,gray,gray,adcock brothers inc,30200,30200,Fri May 22 2015 02:00:00 GMT-0700 (PDT)
2012,Toyota,Tacoma,V6,Double Cab,automatic,3tmlu4en7cm097745,pa,49,20985,silver,gray,adcock brothers inc,27300,27750,Fri Jan 16 2015 01:00:00 GMT-0800 (PST)
2012,Toyota,Tacoma,V6,Double Cab,automatic,3tmmu4fn7cm040058,pa,49,24024,white,gray,adcock brothers inc,28100,32800,Fri Feb 13 2015 01:00:00 GMT-0800 (PST)
2006,Volkswagen,New Beetle,2.5,Convertible,manual,3vwrf31y66m305677,pa,49,51046,yellow,black,adcock brothers inc,4550,5800,Fri Jan 16 2015 01:00:00 GMT-0800 (PST)
2009,Toyota,Camry Hybrid,Base,sedan,automatic,4t1bb46k29u083063,pa,49,72634,white,beige,adcock brothers inc,9975,10800,Fri Jun 19 2015 02:00:00 GMT-0700 (PDT)
2015,Honda,Pilot,Touring w/Navigation and Rear Entertainment,suv,automatic,5fnyf4h92fb024872,pa,49,4012,black,black,adcock brothers inc,35200,34500,Fri May 29 2015 02:00:00 GMT-0700 (PDT)
2014,Lincoln,Navigator,L,SUV,automatic,5lmjj3j5xeel04758,pa,49,8559,white,beige,adcock brothers inc,47000,48000,Fri Feb 20 2015 09:00:00 GMT-0800 (PST)
2011,Toyota,Tacoma,V6,double cab,manual,5tflu4en9bx018312,pa,49,12293,gray,gray,adcock brothers inc,26900,26200,Fri Jun 05 2015 02:00:00 GMT-0700 (PDT)
2014,Subaru,BRZ,Limited,Coupe,automatic,jf1zcac18e8602281,pa,49,5135,black,black,adcock brothers inc,21700,23200,Fri Mar 06 2015 01:00:00 GMT-0800 (PST)
2006,Toyota,4Runner,SR5,SUV,automatic,jtebu14r668061077,pa,49,133639,white,black,adcock brothers inc,10450,12000,Fri Feb 06 2015 01:00:00 GMT-0800 (PST)
2014,Toyota,FJ Cruiser,Base,SUV,automatic,jtebu4bf2ek197282,pa,49,13729,blue,black,adcock brothers inc,34000,36800,Fri May 22 2015 02:00:00 GMT-0700 (PDT)
2014,Land Rover,Range Rover Sport,Supercharged,SUV,automatic,salwr2efxea327170,pa,49,10297,black,beige,adcock brothers inc,84000,81000,Fri Feb 06 2015 01:00:00 GMT-0800 (PST)
2012,BMW,3 Series,328i,Sedan,automatic,wba3c1c54cf430792,pa,49,11650,white,beige,adcock brothers inc,26500,22750,Fri Feb 27 2015 01:00:00 GMT-0800 (PST)
2011,BMW,5 Series,535i,Sedan,automatic,wbafr7c50bc603500,pa,49,44524,black,black,adcock brothers inc,26400,28500,Fri Feb 13 2015 01:00:00 GMT-0800 (PST)
2013,BMW,M3,Base,Coupe,manual,wbskg9c50dj594906,pa,49,5608,white,burgundy,adcock brothers inc,49300,49250,Fri Mar 06 2015 01:00:00 GMT-0800 (PST)
2014,MINI,Cooper Countryman,Base,Wagon,automatic,wmwzb3c50ewr39452,pa,49,6090,green,black,adcock brothers inc,19350,20000,Fri Feb 13 2015 01:00:00 GMT-0800 (PST)
2008,Porsche,Cayenne,Base,SUV,automatic,wp1aa29p78la14273,pa,49,68147,silver,black,adcock brothers inc,18450,17600,Fri May 22 2015 02:00:00 GMT-0700 (PDT)
2014,Jeep,Grand Cherokee,Limited,SUV,automatic,1c4rjfbm4ec324677,ny,49,14676,white,black,adk auto brokers inc,36300,36500,Thu Jan 29 2015 01:45:00 GMT-0800 (PST)
2014,Honda,Accord,Touring V-6,Sedan,automatic,1hgcr3f97ea007556,ny,49,39384,white,tan,adk auto brokers inc,24100,23000,Thu Feb 19 2015 01:45:00 GMT-0800 (PST)
2013,Ford,Fusion,Titanium,Sedan,automatic,3fa6p0d93dr115637,ny,49,29119,black,black,adk auto brokers inc,20800,20200,Thu Jan 29 2015 01:45:00 GMT-0800 (PST)
2011,BMW,X5,xDrive35i,SUV,automatic,5uxzv4c50bl409235,ny,49,100176,silver,black,adk auto brokers inc,17450,19500,Thu Feb 12 2015 01:45:00 GMT-0800 (PST)
2013,Toyota,Tacoma,PreRunner V6,Double Cab,automatic,3tmju4gn6dm150957,ca,49,11816,white,gray,advance,24700,26250,Wed Feb 11 2015 04:30:00 GMT-0800 (PST)
2011,Chevrolet,Colorado,LT1,Extended Cab,manual,1gcescf90b8132316,nj,49,27555,red,black,advanced auto brokers llc,15500,14800,Wed Feb 25 2015 01:30:00 GMT-0800 (PST)
2014,Chevrolet,Malibu,LS Fleet,sedan,automatic,1g11a5sl0ef201187,il,49,81406,gold,gray,advantage chevrolet/ge,11700,11500,Thu Jun 11 2015 03:00:00 GMT-0700 (PDT)
2010,Jeep,Grand Cherokee,Laredo,SUV,automatic,1j4pr4gk5ac116484,fl,49,64276,blue,gray,advantage chrysler dodge jeep,12650,14200,Thu Feb 05 2015 02:15:00 GMT-0800 (PST)
2012,Nissan,Murano,SV,SUV,automatic,jn8az1mu2cw105447,fl,49,47645,white,beige,advantage ford of stuart inc,17200,18300,Thu Feb 19 2015 02:25:00 GMT-0800 (PST)
2012,Honda,Civic,LX,sedan,automatic,19xfb2f51ce082738,ga,49,92286,blue,gray,ahfc/honda lease trust/hvt  inc.,8875,9100,Thu May 21 2015 03:00:00 GMT-0700 (PDT)
2014,Honda,Civic,LX,Sedan,automatic,19xfb2f51ee081415,il,49,1458,gray,black,ahfc/honda lease trust/hvt  inc.,16100,15400,Thu Mar 05 2015 02:00:00 GMT-0800 (PST)
2014,Honda,Civic,LX,Sedan,automatic,19xfb2f52ee243973,nv,49,1900,white,gray,ahfc/honda lease trust/hvt  inc.,15700,15500,Fri Feb 13 2015 04:00:00 GMT-0800 (PST)
2014,Honda,Civic,LX,Sedan,automatic,19xfb2f52ee260496,ca,49,1093,black,black,ahfc/honda lease trust/hvt  inc.,15250,16600,Thu Feb 12 2015 04:00:00 GMT-0800 (PST)
2014,Honda,Civic,LX,Sedan,automatic,19xfb2f53ee209573,ca,49,4759,blue,gray,ahfc/honda lease trust/hvt  inc.,15400,16500,Thu Dec 18 2014 12:00:00 GMT-0800 (PST)
2015,Honda,Civic,LX,Sedan,automatic,19xfb2f53fe230716,pa,49,1464,gray,tan,ahfc/honda lease trust/hvt  inc.,15800,16100,Fri May 22 2015 02:00:00 GMT-0700 (PDT)
2014,Honda,Civic,LX,Sedan,automatic,19xfb2f55ee220705,pa,49,5290,black,gray,ahfc/honda lease trust/hvt  inc.,14750,15200,Fri Jan 23 2015 01:00:00 GMT-0800 (PST)
2013,Honda,Civic,LX,Sedan,automatic,19xfb2f56de274223,pa,49,8450,burgundy,beige,ahfc/honda lease trust/hvt  inc.,14300,15100,Fri Feb 27 2015 01:00:00 GMT-0800 (PST)
2014,Honda,Civic,LX,Sedan,automatic,19xfb2f57ee052095,ga,49,2137,gray,black,ahfc/honda lease trust/hvt  inc.,15450,15100,Tue Dec 30 2014 13:00:00 GMT-0800 (PST)
2014,Honda,Civic,LX,Sedan,automatic,19xfb2f59ee076771,ga,49,6764,gray,black,ahfc/honda lease trust/hvt  inc.,14700,15000,Thu Jan 29 2015 02:00:00 GMT-0800 (PST)
2014,Honda,Civic,EX,Sedan,automatic,19xfb2f82ee033545,il,49,8534,black,black,ahfc/honda lease trust/hvt  inc.,16250,16600,Thu Jan 22 2015 02:00:00 GMT-0800 (PST)
2014,Honda,Civic,EX,Sedan,automatic,19xfb2f83ee273512,ca,49,1752,blue,tan,ahfc/honda lease trust/hvt  inc.,17200,17700,Thu Feb 26 2015 04:00:00 GMT-0800 (PST)
2014,Honda,Civic,EX-L,Sedan,automatic,19xfb2f9xee045676,il,49,4432,gray,gray,ahfc/honda lease trust/hvt  inc.,18550,18500,Thu Mar 05 2015 02:00:00 GMT-0800 (PST)
2013,Honda,Accord,LX,Sedan,automatic,1hgcr2f30da236911,il,49,11290,gray,gray,ahfc/honda lease trust/hvt  inc.,16850,18200,Thu Feb 05 2015 02:00:00 GMT-0800 (PST)
2015,Honda,Accord,LX,sedan,automatic,1hgcr2f32fa028659,il,49,3638,blue,gray,ahfc/honda lease trust/hvt  inc.,19150,19200,Thu Jun 11 2015 03:00:00 GMT-0700 (PDT)
2014,Honda,Accord,LX,sedan,automatic,1hgcr2f35ea277522,ga,49,8136,white,beige,ahfc/honda lease trust/hvt  inc.,17500,18400,Thu Jun 18 2015 03:00:00 GMT-0700 (PDT)
2014,Honda,Accord,LX,Sedan,automatic,1hgcr2f37ea176272,ca,49,6127,white,tan,ahfc/honda lease trust/hvt  inc.,17150,18700,Tue Dec 30 2014 15:00:00 GMT-0800 (PST)
2014,Honda,Accord,LX,Sedan,automatic,1hgcr2f37ea281314,pa,49,94,gray,gray,ahfc/honda lease trust/hvt  inc.,18050,18500,Fri Feb 13 2015 01:00:00 GMT-0800 (PST)
2014,Honda,Accord,LX,Sedan,automatic,1hgcr2f38ea257300,ca,49,5235,white,tan,ahfc/honda lease trust/hvt  inc.,17200,19000,Tue Dec 30 2014 15:00:00 GMT-0800 (PST)
2014,Honda,Accord,LX,Sedan,automatic,1hgcr2f3xea132542,il,49,4957,gray,black,ahfc/honda lease trust/hvt  inc.,17650,17800,Thu Jan 08 2015 02:00:00 GMT-0800 (PST)
2014,Honda,Accord,Sport,Sedan,automatic,1hgcr2f54ea105824,ca,49,11070,gray,gray,ahfc/honda lease trust/hvt  inc.,18850,20500,Thu Dec 18 2014 12:00:00 GMT-0800 (PST)
2014,Honda,Accord,Sport,Sedan,automatic,1hgcr2f58ea222161,ca,49,8343,gray,black,ahfc/honda lease trust/hvt  inc.,20300,20900,Thu Jan 29 2015 04:00:00 GMT-0800 (PST)
2013,Honda,Accord,EX-L V-6,Sedan,automatic,1hgcr3f82da030541,ca,49,25128,white,beige,ahfc/honda lease trust/hvt  inc.,21000,21800,Thu Dec 18 2014 12:00:00 GMT-0800 (PST)
2015,Honda,Accord,EX-L V-6 w/Navigation,sedan,automatic,1hgcr3f88fa011396,il,49,6824,black,black,ahfc/honda lease trust/hvt  inc.,26000,24500,Thu Jun 11 2015 03:00:00 GMT-0700 (PDT)
2014,Honda,Accord,LX-S,Coupe,automatic,1hgct1b31ea001453,ca,49,6826,gray,black,ahfc/honda lease trust/hvt  inc.,16800,18700,Tue Dec 30 2014 15:00:00 GMT-0800 (PST)
2014,Honda,Civic,LX,Sedan,automatic,2hgfb2f53eh520748,ca,49,7582,brown,black,ahfc/honda lease trust/hvt  inc.,14350,15800,Thu Jan 15 2015 04:00:00 GMT-0800 (PST)
2014,Honda,Civic,LX,Sedan,automatic,2hgfb2f58eh520910,ga,49,4211,blue,gray,ahfc/honda lease trust/hvt  inc.,15500,15300,Thu Dec 18 2014 10:00:00 GMT-0800 (PST)
2014,Honda,Civic,Si,Sedan,manual,2hgfb6e55eh704274,pa,49,7325,black,red,ahfc/honda lease trust/hvt  inc.,19400,19900,Fri Feb 20 2015 09:00:00 GMT-0800 (PST)
2013,Honda,Civic,Si,Sedan,manual,2hgfb6e56dh710924,il,49,10928,black,black,ahfc/honda lease trust/hvt  inc.,17750,17900,Thu Feb 05 2015 02:00:00 GMT-0800 (PST)
2012,Honda,Civic,LX,Coupe,automatic,2hgfg3b58ch513403,nv,49,57242,blue,gray,ahfc/honda lease trust/hvt  inc.,9425,11000,Fri Feb 13 2015 04:00:00 GMT-0800 (PST)
2014,Honda,CR-V,LX,SUV,automatic,2hkrm3h31eh520326,ca,49,3142,gray,gray,ahfc/honda lease trust/hvt  inc.,20600,20600,Thu Feb 12 2015 04:00:00 GMT-0800 (PST)
2014,Honda,CR-V,LX,suv,automatic,2hkrm3h31eh563516,ga,49,4982,brown,black,ahfc/honda lease trust/hvt  inc.,19300,19300,Thu Jun 18 2015 03:00:00 GMT-0700 (PDT)
2013,Honda,CR-V,LX,SUV,automatic,2hkrm3h37dh505098,ga,49,32248,gray,gray,ahfc/honda lease trust/hvt  inc.,17250,16900,Thu Dec 18 2014 10:00:00 GMT-0800 (PST)
2014,Honda,CR-V,LX,SUV,automatic,2hkrm3h37eh527538,ga,49,7180,blue,black,ahfc/honda lease trust/hvt  inc.,20200,20400,Thu Feb 26 2015 02:00:00 GMT-0800 (PST)
2014,Honda,CR-V,EX,SUV,automatic,2hkrm3h53eh542863,ga,49,2651,brown,black,ahfc/honda lease trust/hvt  inc.,22000,19800,Thu Feb 12 2015 02:00:00 GMT-0800 (PST)
2013,Honda,CR-V,EX-L,SUV,automatic,2hkrm3h73dh524864,il,49,21421,black,gray,ahfc/honda lease trust/hvt  inc.,21600,22750,Thu Feb 05 2015 02:00:00 GMT-0800 (PST)
2013,Honda,CR-V,EX-L,SUV,automatic,2hkrm3h78dh524665,nv,49,17564,gray,gray,ahfc/honda lease trust/hvt  inc.,22000,22000,Fri Jan 16 2015 04:00:00 GMT-0800 (PST)
2014,Honda,CR-V,LX,SUV,automatic,2hkrm4h32eh697411,il,49,845,blue,black,ahfc/honda lease trust/hvt  inc.,20500,21400,Thu Feb 05 2015 02:00:00 GMT-0800 (PST)
2014,Honda,CR-V,LX,SUV,automatic,2hkrm4h37eh718320,il,49,74,silver,gray,ahfc/honda lease trust/hvt  inc.,20500,20500,Thu Feb 05 2015 02:00:00 GMT-0800 (PST)
2014,Honda,CR-V,EX,SUV,automatic,2hkrm4h50eh655479,nj,49,4971,gray,gray,ahfc/honda lease trust/hvt  inc.,22300,22200,Wed Feb 11 2015 01:30:00 GMT-0800 (PST)
2014,Honda,Odyssey,EX-L,Minivan,automatic,5fnrl5h6xeb040860,ca,49,12056,silver,gray,ahfc/honda lease trust/hvt  inc.,29300,31000,Thu Feb 26 2015 04:00:00 GMT-0800 (PST)
2014,Honda,Odyssey,Touring,Minivan,automatic,5fnrl5h97eb025596,ca,49,24375,gray,gray,ahfc/honda lease trust/hvt  inc.,31600,32750,Thu Feb 26 2015 04:00:00 GMT-0800 (PST)
2013,Honda,Pilot,EX,SUV,automatic,5fnyf3h42db031557,ca,49,27764,gray,gray,ahfc/honda lease trust/hvt  inc.,23000,23750,Thu Jan 15 2015 04:00:00 GMT-0800 (PST)
2014,Honda,Pilot,EX-L,SUV,automatic,5fnyf3h53eb003843,ca,49,10022,white,gray,ahfc/honda lease trust/hvt  inc.,29000,29500,Thu Feb 26 2015 04:00:00 GMT-0800 (PST)
2014,Honda,Pilot,EX-L,SUV,automatic,5fnyf3h53eb010839,ca,49,9815,gray,gray,ahfc/honda lease trust/hvt  inc.,29000,29750,Thu Feb 26 2015 04:00:00 GMT-0800 (PST)
2013,Honda,Pilot,EX-L,SUV,automatic,5fnyf3h56db020618,ca,49,11246,gray,black,ahfc/honda lease trust/hvt  inc.,27900,29250,Thu Dec 18 2014 12:00:00 GMT-0800 (PST)
2013,Honda,Pilot,EX-L,SUV,automatic,5fnyf3h58db025612,ga,49,9872,silver,gray,ahfc/honda lease trust/hvt  inc.,28100,28800,Thu Jan 29 2015 02:00:00 GMT-0800 (PST)
2014,Honda,Pilot,Touring w/Navigation and Rear Entertainment,SUV,automatic,5fnyf4h92eb040794,pa,49,4294,red,tan,ahfc/honda lease trust/hvt  inc.,33400,34700,Fri Feb 13 2015 01:00:00 GMT-0800 (PST)
2014,Honda,Ridgeline,RTL w/Leather and Navigation,crew cab,automatic,5fpyk1f54eb004722,ga,49,16329,blue,gray,ahfc/honda lease trust/hvt  inc.,31500,30000,Thu Jun 04 2015 03:00:00 GMT-0700 (PDT)
2014,Honda,CR-V,LX,SUV,automatic,5j6rm3h30el036380,ca,49,5296,red,gray,ahfc/honda lease trust/hvt  inc.,20200,20700,Thu Jan 29 2015 04:00:00 GMT-0800 (PST)
2014,Honda,CR-V,LX,SUV,automatic,5j6rm3h34el032347,ca,49,5001,red,gray,ahfc/honda lease trust/hvt  inc.,19950,20900,Thu Jan 15 2015 04:00:00 GMT-0800 (PST)
2013,Honda,CR-V,LX,SUV,automatic,5j6rm4h34dl018789,il,49,3436,burgundy,gray,ahfc/honda lease trust/hvt  inc.,19200,20500,Thu Mar 05 2015 02:00:00 GMT-0800 (PST)
2014,Honda,CR-V,EX,SUV,automatic,5j6rm4h52el094336,pa,49,1821,silver,black,ahfc/honda lease trust/hvt  inc.,22500,23200,Fri Feb 27 2015 01:00:00 GMT-0800 (PST)
2014,Honda,CR-V,EX,SUV,automatic,5j6rm4h56el021129,il,49,6948,blue,gray,ahfc/honda lease trust/hvt  inc.,22000,22250,Thu May 28 2015 03:00:00 GMT-0700 (PDT)
2012,Honda,Accord,LX,Sedan,automatic,1hgcp2f31ca197704,ca,49,46579,silver,black,ahfc/honda lease trust/hvt  inc. eot,11600,13100,Tue Dec 30 2014 15:00:00 GMT-0800 (PST)
2012,Honda,Accord,LX,Sedan,automatic,1hgcp2f38ca127472,nj,49,22116,gray,tan,ahfc/honda lease trust/hvt  inc. eot,12950,13500,Wed Feb 25 2015 01:30:00 GMT-0800 (PST)
2012,Honda,Accord,EX-L,Sedan,automatic,1hgcp2f80ca159232,il,49,36594,white,beige,ahfc/honda lease trust/hvt  inc. eot,14650,15800,Thu Feb 05 2015 02:00:00 GMT-0800 (PST)
2012,Honda,Accord,EX-L,Sedan,automatic,1hgcp2f81ca091720,ca,49,48697,blue,gray,ahfc/honda lease trust/hvt  inc. eot,14100,15900,Thu Feb 26 2015 04:00:00 GMT-0800 (PST)
2015,Honda,Accord,LX,sedan,automatic,1hgcr2f3xfa087233,pa,49,82,silver,black,ahfc/honda lease trust/hvt  inc. eot,19200,18600,Fri Jun 19 2015 02:00:00 GMT-0700 (PDT)
2013,Honda,CR-V,LX,SUV,automatic,2hkrm3h37dh516957,hi,49,1939,black,black,ahfc/honda lease trust/hvt  inc. eot,19500,17750,Tue Dec 23 2014 14:35:00 GMT-0800 (PST)
2013,Honda,CR-V,LX,SUV,automatic,2hkrm4h32dh686214,il,49,12400,black,black,ahfc/honda lease trust/hvt  inc. eot,18900,19300,Thu Jan 22 2015 02:00:00 GMT-0800 (PST)
2014,Honda,CR-V,LX,suv,automatic,2hkrm4h39eh720988,pa,49,10489,black,black,ahfc/honda lease trust/hvt  inc. eot,20300,20100,Fri Jun 19 2015 02:00:00 GMT-0700 (PDT)
2014,Honda,CR-V,EX,SUV,automatic,2hkrm4h56eh629162,il,49,8088,blue,purple,ahfc/honda lease trust/hvt  inc. eot,22300,22400,Thu Mar 05 2015 02:00:00 GMT-0800 (PST)
2014,Honda,CR-V,LX,SUV,automatic,3czrm3h39eg700348,ga,49,15298,gray,black,ahfc/honda lease trust/hvt  inc. eot,18750,18200,Thu May 21 2015 03:00:00 GMT-0700 (PDT)
2011,Honda,CR-V,EX-L,SUV,automatic,5j6re4h79bl120425,ga,49,25330,gray,beige,ahfc/honda lease trust/hvt  inc. eot,18100,19400,Thu Dec 18 2014 10:00:00 GMT-0800 (PST)
2012,Honda,Crosstour,EX-L,Hatchback,automatic,5j6tf1h59cl001310,ca,49,37308,gray,black,ahfc/honda lease trust/hvt  inc. eot,18000,18000,Tue Dec 30 2014 15:00:00 GMT-0800 (PST)
2013,Acura,RDX,Base,SUV,automatic,5j8tb3h35dl017907,hi,49,17431,gray,black,ahfc/honda lease trust/hvt  inc. eot,26600,26500,Wed Jan 07 2015 14:30:00 GMT-0800 (PST)
2012,Acura,TSX,Base,Sedan,automatic,jh4cu2f46cc006216,ca,49,21011,silver,black,ahfc/honda lease trust/hvt  inc. eot,17750,19300,Thu Jan 15 2015 04:00:00 GMT-0800 (PST)
2011,Honda,CR-Z,EX,Hatchback,automatic,jhmzf1d61bs007359,ca,49,34475,gray,gray,ahfc/honda lease trust/hvt  inc. eot,10200,11500,Tue Dec 30 2014 15:00:00 GMT-0800 (PST)
2012,Ford,E-Series Wagon,E-350 Super Duty XL,Van,automatic,1fbss3bl8cda79303,ga,49,45316,white,gray,akins ford dodge jeep chrysler,16900,19200,Thu Jan 29 2015 02:00:00 GMT-0800 (PST)
2013,Volvo,S60,T5,Sedan,automatic,yv1612fs0d1216906,ga,49,14932,white,beige,akins ford dodge jeep chrysler ram,18450,19800,Thu Mar 05 2015 02:00:00 GMT-0800 (PST)
2011,Toyota,Camry,LE,Sedan,automatic,4t1bf3ek8bu680854,fl,49,49729,black,beige,al hendrickson toyota,10900,12100,Wed Feb 18 2015 01:30:00 GMT-0800 (PST)
2012,Jeep,Wrangler,Sport,suv,manual,1c4ajwag7cl286710,pa,49,8908,orange,black,alans autos,22500,21900,Fri Jun 05 2015 02:00:00 GMT-0700 (PDT)
2008,Jeep,Wrangler,Rubicon,SUV,automatic,1j4ga69158l546601,pa,49,35508,silver,gray,alans autos,22900,25900,Fri Feb 06 2015 01:00:00 GMT-0800 (PST)
2011,Dodge,Challenger,SRT8,coupe,manual,2b3cj7dj0bh589590,pa,49,19106,green,black,alans autos,32500,32100,Fri May 29 2015 02:00:00 GMT-0700 (PDT)
2013,Honda,Ridgeline,Sport,Crew Cab,automatic,5fpyk1f74db003618,pa,49,24957,white,black,alans autos,24100,25600,Fri Dec 19 2014 09:00:00 GMT-0800 (PST)
2014,Jeep,Cherokee,Limited,SUV,automatic,1c4pjlds9ew202123,nj,49,9385,white,black,all american ford/subaru,24300,23000,Wed Jan 14 2015 01:30:00 GMT-0800 (PST)
2009,Audi,Q5,3.2 Premium quattro,SUV,automatic,wa1kk98r29a051205,nj,49,59599,blue,black,all american ford/subaru,19350,20000,Wed Jan 07 2015 01:30:00 GMT-0800 (PST)
2014,Chevrolet,Corvette Stingray,Z51,Coupe,automatic,1g1ym2d77e5108516,fl,49,2706,red,red,all out powersports,57700,62400,Mon Mar 09 2015 06:00:00 GMT-0700 (PDT)
2014,Nissan,370Z,Base,coupe,automatic,jn1az4eh6em632598,fl,49,5343,black,black,all pro sales & leasing inc,26000,30300,Tue May 26 2015 02:30:00 GMT-0700 (PDT)
2014,Chevrolet,Silverado 1500,LT,Double Cab,automatic,1gcvkrec9ez328639,nj,49,2877,gray,black,all season motors corp,31000,33400,Wed Jun 03 2015 02:30:00 GMT-0700 (PDT)
2014,Honda,Accord,Sport,Sedan,automatic,1hgcr2f51ea046957,pa,49,9318,black,black,all state motor inc,20100,19900,Fri Jan 16 2015 01:00:00 GMT-0800 (PST)
2014,Honda,CR-V,EX,SUV,automatic,5j6rm4h52el039627,pa,49,15823,gray,gray,all state motor inc,21600,21700,Fri Feb 06 2015 01:00:00 GMT-0800 (PST)
2013,Toyota,Tacoma,V6,double cab,automatic,3tmmu4fn3dm054069,pa,49,15875,gray,gray,allan a hornbeck chevrolet sales inc,27900,27500,Fri Jun 05 2015 02:00:00 GMT-0700 (PDT)
2012,Toyota,Prius,Three,Hatchback,automatic,jtdkn3du0c5378092,oh,49,55636,blue,gray,allan nott honda,12600,11800,Tue Feb 17 2015 01:30:00 GMT-0800 (PST)
2012,Toyota,Camry,SE,Sedan,automatic,4t1bf1fk4cu060281,ny,49,4365,black,black,allstate leasing,15850,16200,Wed Dec 31 2014 00:00:00 GMT-0800 (PST)
2015,Lexus,RX 350,Base,suv,automatic,2t2zk1baxfc158935,fl,49,12006,white,beige,ambar motors inc,38800,38800,Tue Jun 02 2015 05:00:00 GMT-0700 (PDT)
2012,Land Rover,Range Rover Sport,Supercharged,suv,automatic,salsh2e47ca718547,fl,49,38536,white,black,ambar motors inc,45600,47500,Tue Jun 02 2015 05:00:00 GMT-0700 (PDT)
2009,BMW,3 Series,328i xDrive,Sedan,automatic,wbapk53529a644309,md,49,73530,gray,beige,amber auto,13150,12800,Tue Jan 20 2015 01:30:00 GMT-0800 (PST)
2012,Jeep,Wrangler,Unlimited Sahara,SUV,automatic,1c4bjweg2cl285754,la,49,10146,black,black,american auto brokers inc,28700,33600,Wed Feb 11 2015 02:30:00 GMT-0800 (PST)
2012,Jeep,Wrangler,Unlimited Rubicon,SUV,automatic,1c4bjwfg2cl224340,la,49,44120,black,black,american auto brokers inc,31300,32800,Wed Feb 25 2015 02:30:00 GMT-0800 (PST)
2014,Jeep,Wrangler,Unlimited Sport,SUV,automatic,1c4hjwdgxel156742,la,49,17231,black,black,american auto brokers inc,26500,37000,Wed Feb 11 2015 02:30:00 GMT-0800 (PST)
2014,Ram,1500,SLT,Crew Cab,automatic,1c6rr7lt6es353857,la,49,15054,gray,gray,american auto brokers inc,28200,27800,Wed Jan 14 2015 02:30:00 GMT-0800 (PST)
2014,Ford,Explorer,XLT,SUV,automatic,1fm5k7d89ega47501,la,49,22883,gray,black,american auto brokers inc,27000,28300,Wed Feb 11 2015 02:30:00 GMT-0800 (PST)
2010,Ford,F-150,FX4,SuperCrew,automatic,1ftfw1ev1afc57525,la,49,92324,black,black,american auto brokers inc,18600,26300,Wed Feb 11 2015 02:30:00 GMT-0800 (PST)
2008,Jeep,Wrangler,Unlimited Sahara,SUV,automatic,1j4ga59138l514112,la,49,95577,silver,gray,american auto brokers inc,16400,18000,Wed Feb 11 2015 02:30:00 GMT-0800 (PST)
2013,Volkswagen,Passat,TDI SE,Sedan,automatic,1vwbn7a30dc000576,la,49,44143,white,tan,american auto brokers inc,16400,18400,Wed Jan 14 2015 02:30:00 GMT-0800 (PST)
2014,Volkswagen,Passat,SE,Sedan,automatic,1vwbs7a34ec085075,la,49,7726,silver,tan,american auto brokers inc,17700,18600,Wed Jan 14 2015 02:30:00 GMT-0800 (PST)
2013,Toyota,RAV4,XLE,SUV,automatic,2t3wfrev5dw048547,la,49,13890,silver,black,american auto brokers inc,20700,22600,Wed Feb 11 2015 02:30:00 GMT-0800 (PST)
2013,Chevrolet,Black Diamond Avalanche,LT,Crew Cab,automatic,3gnmcfe07dg317092,la,49,30270,silver,black,american auto brokers inc,30600,30500,Wed Jan 07 2015 10:30:00 GMT-0800 (PST)
2005,HUMMER,H2,Base,SUV,automatic,5grgn23u25h131688,la,49,60185,green,black,american auto brokers inc,22000,22000,Wed Jan 28 2015 02:30:00 GMT-0800 (PST)
2013,Hyundai,Genesis,3.8,sedan,automatic,kmhgc4dd1du245118,la,49,22859,black,tan,american auto brokers inc,18850,19500,Wed Jun 03 2015 03:30:00 GMT-0700 (PDT)
2012,Land Rover,Range Rover Evoque,Pure,SUV,automatic,salvp2bg6ch682288,la,49,51048,red,tan,american auto brokers inc,33000,30800,Wed Feb 11 2015 02:30:00 GMT-0800 (PST)
2012,MINI,Cooper Countryman,S,wagon,automatic,wmwzc3c53cwl84880,la,49,23108,silver,black,american auto brokers inc,18550,19900,Wed Jun 03 2015 03:30:00 GMT-0700 (PDT)
2014,Toyota,Tundra,1794 FFV,crewmax cab,automatic,5tfaw5f11ex407064,nv,49,9414,white,black,american auto sales,42400,43500,Thu Jun 11 2015 07:30:00 GMT-0700 (PDT)
2012,Jeep,Grand Cherokee,Laredo,SUV,automatic,1c4rjfag1cc249414,mo,49,56215,black,gray,american auto sales inc,20500,22400,Tue Feb 10 2015 03:00:00 GMT-0800 (PST)
2012,Jeep,Grand Cherokee,Laredo,SUV,automatic,1c4rjfag3cc199244,mo,49,37586,blue,black,american auto sales inc,22600,24200,Tue Feb 03 2015 03:00:00 GMT-0800 (PST)
2011,Toyota,Camry,XLE,Sedan,automatic,4t1bk3ek9bu614583,mo,49,56486,white,beige,american auto sales inc,13600,15300,Tue Feb 10 2015 03:00:00 GMT-0800 (PST)
2014,Jeep,Wrangler,Unlimited Sport,SUV,automatic,1c4bjwdg2el120954,fl,49,11637,black,black,american bank auto liquidators,27500,28700,Tue Feb 10 2015 01:30:00 GMT-0800 (PST)
2014,Jeep,Wrangler,Unlimited Sport,SUV,manual,1c4bjwdg3el200229,fl,49,15187,red,black,american bank auto liquidators,27900,25600,Tue Mar 10 2015 02:30:00 GMT-0700 (PDT)
2014,Jeep,Patriot,Sport,SUV,manual,1c4njpba1ed643734,fl,49,12213,white,black,american bank auto liquidators,14050,14200,Tue May 26 2015 02:00:00 GMT-0700 (PDT)
2012,Jeep,Grand Cherokee,SRT8,SUV,automatic,1c4rjfdj2cc265421,fl,49,3947,black,black,american bank auto liquidators,47100,48200,Tue Mar 10 2015 02:30:00 GMT-0700 (PDT)
2013,Honda,Accord,EX-L,Sedan,automatic,1hgcr2f80da241361,fl,49,23009,gold,beige,american bank auto liquidators,21100,20800,Tue Feb 17 2015 01:15:00 GMT-0800 (PST)
2013,Lincoln,MKX,Base,suv,automatic,2lmdj6jk6dbl30649,fl,49,20365,gray,beige,american bank auto liquidators,26300,24800,Tue Jun 02 2015 02:30:00 GMT-0700 (PDT)
2014,Toyota,Camry Hybrid,XLE,Sedan,automatic,4t1bd1fk7eu110308,fl,49,11847,gold,gray,american bank auto liquidators,21700,16700,Tue Jan 27 2015 01:30:00 GMT-0800 (PST)
2006,HUMMER,H2,Base,SUV,automatic,5grgn23u36h121642,fl,49,72430,white,black,american bank auto liquidators,24300,26800,Tue Mar 03 2015 01:15:00 GMT-0800 (PST)
2006,HUMMER,H3,Base,SUV,automatic,5gtdn136x68160589,fl,49,67821,blue,black,american bank auto liquidators,13350,14200,Tue Feb 10 2015 01:30:00 GMT-0800 (PST)
2012,BMW,X5,xDrive35i Premium,SUV,automatic,5uxzv4c59cl889972,fl,49,40004,gray,black,american bank auto liquidators,33900,32000,Tue Feb 24 2015 01:30:00 GMT-0800 (PST)
2014,Lexus,ES 350,Base,Sedan,automatic,jthbk1gg5e2094737,fl,49,7144,silver,gray,american bank auto liquidators,31800,30000,Tue Mar 03 2015 01:15:00 GMT-0800 (PST)
2014,Honda,Accord,EX-L,Sedan,automatic,1hgcr2f81ea101563,ca,49,11703,blue,gray,american honda motor company,21500,23600,Thu Feb 26 2015 04:00:00 GMT-0800 (PST)
2014,Honda,Accord,EX-L,Sedan,automatic,1hgcr2f88ea303798,pa,49,20,gray,beige,american honda motor company,22200,27400,Fri Jan 23 2015 01:00:00 GMT-0800 (PST)
2014,Honda,Civic,LX,Sedan,automatic,2hgfb2f59eh508166,ca,49,7895,white,beige,american honda motor company,14700,15700,Thu Feb 12 2015 04:00:00 GMT-0800 (PST)
2014,Honda,Civic,EX-L,Sedan,automatic,2hgfb2f97eh543162,il,49,5,gray,gray,american honda motor company,18800,17300,Thu Jan 22 2015 02:00:00 GMT-0800 (PST)
2014,Honda,Civic,LX,Coupe,automatic,2hgfg3b59eh513705,il,49,7,black,gray,american honda motor company,15150,15100,Thu Jan 22 2015 02:00:00 GMT-0800 (PST)
2014,Honda,CR-V,LX,SUV,automatic,2hkrm3h32eh545445,oh,49,8051,turquoise,black,american honda motor company,18750,15600,Tue Jun 02 2015 02:30:00 GMT-0700 (PDT)
2014,Honda,CR-V,EX,SUV,automatic,2hkrm3h54eh501156,az,49,12135,silver,gray,american honda motor company,21100,18200,Thu Jan 08 2015 11:00:00 GMT-0800 (PST)
2014,Honda,CR-V,EX-L,SUV,automatic,2hkrm4h75eh636816,ca,49,4889,black,black,american honda motor company,25600,26500,Thu Dec 18 2014 12:00:00 GMT-0800 (PST)
2015,Honda,Fit,EX,Hatchback,manual,3hggk5g82fm718190,pa,49,9,silver,black,american honda motor company,16000,17400,Fri Jan 23 2015 01:00:00 GMT-0800 (PST)
2015,Honda,Fit,EX,Hatchback,automatic,3hggk5h82fm701971,il,49,10,black,black,american honda motor company,15900,16500,Thu Jan 22 2015 02:00:00 GMT-0800 (PST)
2015,Honda,Fit,EX,Hatchback,automatic,3hggk5h83fm702899,il,49,8,red,black,american honda motor company,15900,16500,Thu Jan 22 2015 02:00:00 GMT-0800 (PST)
2015,Honda,Fit,EX,Hatchback,automatic,3hggk5h84fm700952,il,49,23,black,black,american honda motor company,13750,16400,Thu Feb 19 2015 02:00:00 GMT-0800 (PST)
2015,Honda,Fit,EX,Hatchback,automatic,3hggk5h84fm700983,il,49,20,black,black,american honda motor company,13750,17000,Thu Feb 19 2015 02:00:00 GMT-0800 (PST)
2015,Honda,Fit,EX,Hatchback,automatic,3hggk5h86fm743656,nv,49,17,white,black,american honda motor company,15650,15000,Fri Mar 13 2015 05:00:00 GMT-0700 (PDT)
2015,Honda,Odyssey,EX-L,Minivan,automatic,5fnrl5h65fb019027,pa,49,8,blue,gray,american honda motor company,30500,31100,Fri Feb 20 2015 09:00:00 GMT-0800 (PST)
2014,Honda,Pilot,Touring w/Navigation and Rear Entertainment,SUV,automatic,5fnyf3h97eb023807,ga,49,26259,silver,gray,american honda motor company,30000,29000,Thu Feb 12 2015 02:00:00 GMT-0800 (PST)
2014,Acura,MDX,Technology Package,SUV,automatic,5fryd3h41eb011709,ca,49,7434,blue,gray,american honda motor company,40100,40750,Tue Dec 30 2014 15:00:00 GMT-0800 (PST)
2014,Acura,MDX,SH-AWD w/Technology and Entertainment Packages,SUV,automatic,5fryd4h62eb005005,ca,49,26206,blue,gray,american honda motor company,39000,40750,Thu Jan 29 2015 04:00:00 GMT-0800 (PST)
2014,Honda,CR-V,LX,SUV,automatic,5j6rm3h39el029282,ca,49,8791,white,gray,american honda motor company,18900,20400,Tue Dec 30 2014 15:00:00 GMT-0800 (PST)
2014,Honda,CR-V,EX-L,SUV,automatic,5j6rm3h7xel039337,il,49,9,burgundy,beige,american honda motor company,25200,22500,Thu Jan 22 2015 02:00:00 GMT-0800 (PST)
2015,Honda,CR-V,EX-L,suv,automatic,2hkrm4h74fh605204,il,49,4177,burgundy,gray,american honda motor company (buybacks),26400,24200,Thu Jun 18 2015 03:00:00 GMT-0700 (PDT)
2011,MINI,Cooper Countryman,S,Wagon,automatic,wmwzc3c59bwh97632,ca,49,24374,gray,black,american road leasing inc,18000,17500,Wed Feb 25 2015 04:15:00 GMT-0800 (PST)
2011,Ford,Escape,Limited,SUV,automatic,1fmcu9eg3bka50096,nv,49,87953,black,black,amigo auto sales,11550,13400,Fri Jan 23 2015 04:00:00 GMT-0800 (PST)
2014,Ford,F-150,XLT,SuperCrew,automatic,1ftfw1cfxekf06381,tx,49,5893,red,gray,ancira eagle pass ford,26300,26100,Wed May 27 2015 03:00:00 GMT-0700 (PDT)
2013,Honda,Accord,Sport,Sedan,automatic,1hgcr2f59da280620,fl,49,24205,black,black,andrew thomas motorcars,16550,18000,Thu Feb 05 2015 01:50:00 GMT-0800 (PST)
2014,Nissan,Maxima,3.5 SV,Sedan,automatic,1n4aa5ap1ec481494,fl,49,6497,gray,black,andrew thomas motorcars,17700,21000,Thu Feb 19 2015 09:50:00 GMT-0800 (PST)
2014,Hyundai,Genesis,3.8,Sedan,automatic,kmhgc4dd3eu260494,fl,49,15421,white,tan,ann arbor acura hyundai,22700,28000,Thu Feb 19 2015 01:50:00 GMT-0800 (PST)
2013,Ford,Focus,SE,Sedan,automatic,1fadp3f24dl187728,md,49,87380,red,gray,annapolis hyundai,8875,8200,Tue Feb 24 2015 01:30:00 GMT-0800 (PST)
2004,Nissan,Murano,SL,suv,automatic,jn8az08w84w319771,md,49,105183,white,beige,annapolis hyundai,4800,6800,Tue Jun 16 2015 02:30:00 GMT-0700 (PDT)
2010,Toyota,Camry,LE,Sedan,automatic,jtnbf3ek8a3002268,md,49,215546,green,beige,annapolis subaru inc,6175,7700,Tue Feb 10 2015 01:30:00 GMT-0800 (PST)
2013,Chevrolet,Equinox,LT,suv,automatic,2gnaldek9d6311363,hi,49,20645,white,black,apex fleet as agent or assignee of gecfs,17550,15750,Wed Jun 17 2015 09:00:00 GMT-0700 (PDT)
2007,Chevrolet,Tahoe,LS,suv,automatic,1gnfc13j37j112850,ca,49,84597,gold,gray,apexcars net,12450,16000,Wed Jun 03 2015 05:30:00 GMT-0700 (PDT)
2013,Toyota,Tacoma,V6,double cab,automatic,3tmmu4fn5dm050914,ca,49,13135,silver,gray,apexcars net,28000,29500,Wed Jun 03 2015 05:30:00 GMT-0700 (PDT)
2013,Honda,Accord,Sport,Sedan,automatic,1hgcr2e53da244259,pa,49,33899,gray,black,apollo vw subaru,16500,16800,Wed Feb 11 2015 01:30:00 GMT-0800 (PST)
2014,Ford,Explorer,XLT,SUV,automatic,1fm5k7d8xega58359,va,49,10533,white,gray,apple fcu,27300,27250,Wed Feb 04 2015 01:30:00 GMT-0800 (PST)
2012,Ford,Escape,XLT,SUV,automatic,1fmcu9dg3cka62073,pa,49,58999,silver,black,apple ford inc,13350,14600,Fri Dec 19 2014 09:30:00 GMT-0800 (PST)
2013,Ford,Focus,SE,Sedan,automatic,1fadp3f21dl349900,va,49,12280,black,gray,arcadia motors inc,11700,12600,Thu Feb 12 2015 01:05:00 GMT-0800 (PST)
2012,Jeep,Wrangler,Sahara,SUV,automatic,1c4gjwbg3cl281416,ga,49,51111,silver,black,area 51 truck & auto sales llc,22400,23800,Tue Mar 10 2015 02:30:00 GMT-0700 (PDT)
2008,Dodge,Ram Pickup 1500,SLT,Quad Cab,automatic,1d7ha18n18s617757,ga,49,65337,gray,gray,area 51 truck & auto sales llc,12750,15400,Tue Feb 17 2015 01:30:00 GMT-0800 (PST)
2011,Lexus,GX 460,Base,suv,automatic,jtjbm7fx7b5029315,fl,49,47374,gold,tan,arg inc,33300,34800,Fri Jun 12 2015 02:30:00 GMT-0700 (PDT)